{
  "v": 7,
  "name": "Car Rental Project 1",
  "folders": [
    {
      "v": 7,
      "name": "auth",
      "folders": [
        {
          "v": 7,
          "name": "admin management",
          "folders": [],
          "requests": [
            {
              "v": "12",
              "name": "create admin",
              "method": "POST",
              "endpoint": "http://localhost:5000/api/v1/user/admin",
              "params": [],
              "headers": [],
              "preRequestScript": "",
              "testScript": "",
              "auth": {
                "authType": "bearer",
                "token": "eyJhbGciOiJIUzI1NiIsInR5cCI6IkpXVCJ9.eyJpZCI6IjY4MzZkMjYyMDQ0M2ZlNzM5M2FhZTk2ZiIsInJvbGUiOiJTVVBFUiBBRE1JTiIsImVtYWlsIjoiYWRtaW5AZ21haWwuY29tIiwiaWF0IjoxNzQ4NDI5MjA5LCJleHAiOjE3NDkwMzQwMDl9.-zuAlgD8y5GXJIR_PnlovArnD94_93H8Hft9iOj8x8k",
                "authActive": true
              },
              "body": {
                "contentType": "application/json",
                "body": "{\n  \"name\": \"admin\",\n  \"email\": \"admin@admin.admin\",\n  \"password\": \"00000000\"\n}\n"
              },
              "requestVariables": [],
              "responses": {}
            },
            {
              "v": "12",
              "name": "getAdminByID",
              "method": "GET",
              "endpoint": "http://localhost:5000/api/v1/user/admin/",
              "params": [],
              "headers": [],
              "preRequestScript": "",
              "testScript": "",
              "auth": {
                "authType": "bearer",
                "token": "eyJhbGciOiJIUzI1NiIsInR5cCI6IkpXVCJ9.eyJpZCI6IjY4MzZkMjYyMDQ0M2ZlNzM5M2FhZTk2ZiIsInJvbGUiOiJTVVBFUiBBRE1JTiIsImVtYWlsIjoiYWRtaW5AZ21haWwuY29tIiwiaWF0IjoxNzQ4NDI5MjA5LCJleHAiOjE3NDkwMzQwMDl9.-zuAlgD8y5GXJIR_PnlovArnD94_93H8Hft9iOj8x8k",
                "authActive": true
              },
              "body": {
                "contentType": "application/json",
                "body": "{\n  \"name\": \"admin\",\n  \"email\": \"admin@admin.admin\",\n  \"password\": \"00000000\"\n}\n"
              },
              "requestVariables": [],
              "responses": {}
            },
            {
              "v": "12",
              "name": "deleteAdmin",
              "method": "DELETE",
              "endpoint": "http://localhost:5000/api/v1/user/admin/68315eca207abb4ddc72cf1d",
              "params": [],
              "headers": [],
              "preRequestScript": "",
              "testScript": "",
              "auth": {
                "authType": "bearer",
                "token": "eyJhbGciOiJIUzI1NiIsInR5cCI6IkpXVCJ9.eyJpZCI6IjY4MmQ3NTE1MDlkMTIzOGQxMWU1YmU1NiIsInJvbGUiOiJTVVBFUl9BRE1JTiIsImVtYWlsIjoiYWRtaW5AZ21haWwuY29tIiwiaWF0IjoxNzQ4MDY1Mzc2LCJleHAiOjE3NDg2NzAxNzZ9.MhnZND47Zub8m23ZLdebMLuuJQ2-fO10aaKOG6ble0I",
                "authActive": true
              },
              "body": {
                "contentType": "application/json",
                "body": "{\n  \"name\": \"admin\",\n  \"email\": \"admin@admin.admin\",\n  \"password\": \"00000000\"\n}\n"
              },
              "requestVariables": [],
              "responses": {}
            },
            {
              "v": "12",
              "name": "deleteAdmin",
              "method": "DELETE",
              "endpoint": "http://localhost:5000/api/v1/user/admin/683165437ffec223b50d39f1",
              "params": [],
              "headers": [],
              "preRequestScript": "",
              "testScript": "",
              "auth": {
                "authType": "bearer",
                "token": "eyJhbGciOiJIUzI1NiIsInR5cCI6IkpXVCJ9.eyJpZCI6IjY4MmQ3NTE1MDlkMTIzOGQxMWU1YmU1NiIsInJvbGUiOiJTVVBFUl9BRE1JTiIsImVtYWlsIjoiYWRtaW5AZ21haWwuY29tIiwiaWF0IjoxNzQ4MDY1Mzc2LCJleHAiOjE3NDg2NzAxNzZ9.MhnZND47Zub8m23ZLdebMLuuJQ2-fO10aaKOG6ble0I",
                "authActive": true
              },
              "body": {
                "contentType": "application/json",
                "body": "{\n  \"name\": \"admin\",\n  \"email\": \"admin@admin.admin\",\n  \"password\": \"00000000\"\n}\n"
              },
              "requestVariables": [],
              "responses": {}
            }
          ],
          "auth": {
            "authActive": true,
            "authType": "inherit"
          },
          "headers": [],
          "_ref_id": "coll_mb1ug68p_ffe79047-b213-452f-bbac-6ed7d6a6fa8f"
        },
        {
          "v": 7,
          "name": "driver management",
          "folders": [],
          "requests": [
            {
              "v": "12",
              "name": "create driver",
              "method": "POST",
              "endpoint": "http://localhost:5000/api/v1/user/admin",
              "params": [],
              "headers": [],
              "preRequestScript": "",
              "testScript": "",
              "auth": {
                "authType": "bearer",
                "token": "eyJhbGciOiJIUzI1NiIsInR5cCI6IkpXVCJ9.eyJpZCI6IjY4MzZmNWRiYTQ5ZTlkYWFhYzg4YWZiMSIsInJvbGUiOiJBRE1JTiIsImVtYWlsIjoiYWRtaW5AYWRtaW4uYWRtaW4iLCJpYXQiOjE3NDg0MzI2NzIsImV4cCI6MTc0OTAzNzQ3Mn0.wa_9Z8zW3oHAM3QcG5B6XZKfI3hEm1DDULiDb8BfIK8",
                "authActive": true
              },
              "body": {
                "contentType": "application/json",
                "body": "{\n  \"name\": \"Jane Doe\",\n  \"dateOfBirth\": \"1990-05-15\",\n  \"phone\": \"+1-555-123-4567\",\n  \"email\": \"jane.doe@example.com\",\n  \"licenseNumber\": \"LIC-987654321\",\n  \"address\": \"123 Main St, Springfield, IL 62704\"\n}\n"
              },
              "requestVariables": [],
              "responses": {}
            },
            {
              "v": "12",
              "name": "get all drivers",
              "method": "GET",
              "endpoint": "http://localhost:5000/api/v1/user/driver",
              "params": [],
              "headers": [],
              "preRequestScript": "",
              "testScript": "",
              "auth": {
                "authType": "bearer",
                "token": "eyJhbGciOiJIUzI1NiIsInR5cCI6IkpXVCJ9.eyJpZCI6IjY4MmQ3NTE1MDlkMTIzOGQxMWU1YmU1NiIsInJvbGUiOiJTVVBFUl9BRE1JTiIsImVtYWlsIjoiYWRtaW5AZ21haWwuY29tIiwiaWF0IjoxNzQ4MDY1Mzc2LCJleHAiOjE3NDg2NzAxNzZ9.MhnZND47Zub8m23ZLdebMLuuJQ2-fO10aaKOG6ble0I",
                "authActive": true
              },
              "body": {
                "contentType": "application/json",
                "body": "{\n  \"name\": \"test\",\n  \"email\": \"asifaowadud@gmail.com\",\n  \"password\": \"00000000\"\n}\n"
              },
              "requestVariables": [],
              "responses": {}
            },
            {
              "v": "12",
              "name": "getADriverFromDB",
              "method": "GET",
              "endpoint": "http://localhost:5000/api/v1/user/driver/683672ad42cd9ca2b9af712f",
              "params": [],
              "headers": [],
              "preRequestScript": "",
              "testScript": "",
              "auth": {
                "authType": "bearer",
                "token": "eyJhbGciOiJIUzI1NiIsInR5cCI6IkpXVCJ9.eyJpZCI6IjY4MmQ3NTE1MDlkMTIzOGQxMWU1YmU1NiIsInJvbGUiOiJTVVBFUl9BRE1JTiIsImVtYWlsIjoiYWRtaW5AZ21haWwuY29tIiwiaWF0IjoxNzQ4MDY1Mzc2LCJleHAiOjE3NDg2NzAxNzZ9.MhnZND47Zub8m23ZLdebMLuuJQ2-fO10aaKOG6ble0I",
                "authActive": true
              },
              "body": {
                "contentType": "application/json",
                "body": "{\n  \"name\": \"test\",\n  \"email\": \"asifaowadud@gmail.com\",\n  \"password\": \"00000000\"\n}\n"
              },
              "requestVariables": [],
              "responses": {}
            }
          ],
          "auth": {
            "authType": "inherit",
            "authActive": true
          },
          "headers": [],
          "_ref_id": "coll_mb1w2x1h_b4ac39b7-41d2-4395-bff1-83b248e3397f"
        }
      ],
      "requests": [
        {
          "v": "12",
          "name": "verify-email",
          "method": "POST",
          "endpoint": "http://localhost:5000/api/v1/auth/verify-email",
          "params": [],
          "headers": [],
          "preRequestScript": "",
          "testScript": "",
          "auth": {
            "authType": "inherit",
            "authActive": true
          },
          "body": {
            "contentType": "application/json",
            "body": "{\n  \"email\": \"asifaowadud@gmail.com\",\n  \"oneTimeCode\":6361\n}\n"
          },
          "requestVariables": [],
          "responses": {}
        },
        {
          "v": "12",
          "name": "login",
          "method": "POST",
          "endpoint": "http://localhost:5000/api/v1/auth/login",
          "params": [],
          "headers": [],
          "preRequestScript": "",
          "testScript": "",
          "auth": {
            "authType": "inherit",
            "authActive": true
          },
          "body": {
            "contentType": "application/json",
            "body": "{\n  \"email\": \"admin@admin.admin\",\n  \"password\": \"00000000\"\n}\n"
          },
          "requestVariables": [],
          "responses": {}
        },
        {
          "v": "12",
          "name": "getprofile",
          "method": "GET",
          "endpoint": "http://localhost:5000/api/v1/user/profile",
          "params": [],
          "headers": [],
          "preRequestScript": "",
          "testScript": "",
          "auth": {
            "authType": "bearer",
            "token": "eyJhbGciOiJIUzI1NiIsInR5cCI6IkpXVCJ9.eyJpZCI6IjY4MzZiODY5NmU5MjBiMDAyNmU4ZTZmMyIsInJvbGUiOiJTVVBFUl9BRE1JTiIsImVtYWlsIjoiYWRtaW5AZ21haWwuY29tIiwiaWF0IjoxNzQ4NDIwMjMwLCJleHAiOjE3NDkwMjUwMzB9.GVvHvH2Fo_lLtELQ-Ms9erZ1diATwlYe2ke1EDUu81k",
            "authActive": true
          },
          "body": {
            "contentType": "application/json",
            "body": "{\n  \"name\": \"John Doe\",\n  \"contact\": \"123-456-7890\",\n  \"email\": \"johndoe@example.com\",\n  \"password\": \"00000000\",\n  \"location\": \"New York, NY\"\n}\n"
          },
          "requestVariables": [],
          "responses": {}
        },
        {
          "v": "12",
          "name": "edit_profile",
          "method": "PATCH",
          "endpoint": "http://localhost:5000/api/v1/user/profile",
          "params": [],
          "headers": [],
          "preRequestScript": "",
          "testScript": "",
          "auth": {
            "authType": "bearer",
            "token": "eyJhbGciOiJIUzI1NiIsInR5cCI6IkpXVCJ9.eyJpZCI6IjY4MmQ3NTE1MDlkMTIzOGQxMWU1YmU1NiIsInJvbGUiOiJTVVBFUl9BRE1JTiIsImVtYWlsIjoiYWRtaW5AZ21haWwuY29tIiwiaWF0IjoxNzQ3ODEwOTc0LCJleHAiOjE3NDg0MTU3NzR9.RiSRm-lNEWMD4JTIkglITn1RqTd-vi4HQMsIQqowGSk",
            "authActive": true
          },
          "body": {
            "contentType": "application/json",
            "body": "{\n  \"name\": \"John Do0\"\n}\n"
          },
          "requestVariables": [],
          "responses": {}
        },
        {
          "v": "12",
          "name": "forget-password",
          "method": "POST",
          "endpoint": "http://localhost:5000/api/v1/auth/forget-password",
          "params": [],
          "headers": [],
          "preRequestScript": "",
          "testScript": "",
          "auth": {
            "authType": "inherit",
            "authActive": true
          },
          "body": {
            "contentType": "application/json",
            "body": "{\n  \"email\": \"asifaowadud@gmail.com\"\n}\n"
          },
          "requestVariables": [],
          "responses": {}
        },
        {
          "v": "12",
          "name": "reset-password",
          "method": "POST",
          "endpoint": "http://localhost:5000/api/v1/auth/reset-password",
          "params": [],
          "headers": [
            {
              "key": "authorization",
              "value": "57228c0dd6c32773d4c729e651e49e012d2735915e53366c1b850bbae718e332",
              "active": true,
              "description": ""
            }
          ],
          "preRequestScript": "",
          "testScript": "",
          "auth": {
            "authType": "inherit",
            "authActive": true
          },
          "body": {
            "contentType": "application/json",
            "body": "{\n  \"confirmPassword\": \"12345678\",\n  \"newPassword\":\"12345678\"\n}\n"
          },
          "requestVariables": [],
          "responses": {}
        },
        {
          "v": "12",
          "name": "change-password",
          "method": "POST",
          "endpoint": "http://localhost:5000/api/v1/auth/change-password",
          "params": [],
          "headers": [],
          "preRequestScript": "",
          "testScript": "",
          "auth": {
            "authType": "bearer",
            "token": "eyJhbGciOiJIUzI1NiIsInR5cCI6IkpXVCJ9.eyJpZCI6IjY4MzE1ZWNhMjA3YWJiNGRkYzcyY2YxZCIsInJvbGUiOiJBRE1JTiIsImVtYWlsIjoiYWRtaW5AYWRtaW4uYWRtaW4iLCJpYXQiOjE3NDgwNjc3MTUsImV4cCI6MTc0ODY3MjUxNX0.YSSU0tXUN5c1UJBykxPRlY0uaAk6uwLSoJgIj4I_xxA",
            "authActive": true
          },
          "body": {
            "contentType": "application/json",
            "body": "{\n  \"currentPassword\": \"11111111\",\n  \"newPassword\":\"00000000\",\n  \"confirmPassword\":\"00000000\"\n}\n"
          },
          "requestVariables": [],
          "responses": {}
        }
      ],
      "auth": {
        "authType": "inherit",
        "authActive": true
      },
      "headers": [],
      "_ref_id": "coll_mayvddwa_42eaf1b0-aa58-4e0b-afce-7431f52fcfc1"
    },
    {
      "v": 7,
      "name": "vehicle management",
      "folders": [],
      "requests": [
        {
          "v": "12",
          "name": "create vehicle",
          "method": "POST",
          "endpoint": "http://localhost:5000/api/v1/vehicle",
          "params": [],
          "headers": [],
          "preRequestScript": "",
          "testScript": "",
          "auth": {
            "authType": "bearer",
            "token": "eyJhbGciOiJIUzI1NiIsInR5cCI6IkpXVCJ9.eyJpZCI6IjY4MzZmNWRiYTQ5ZTlkYWFhYzg4YWZiMSIsInJvbGUiOiJBRE1JTiIsImVtYWlsIjoiYWRtaW5AYWRtaW4uYWRtaW4iLCJpYXQiOjE3NDg0MzI2NzIsImV4cCI6MTc0OTAzNzQ3Mn0.wa_9Z8zW3oHAM3QcG5B6XZKfI3hEm1DDULiDb8BfIK8",
            "authActive": true
          },
          "body": {
            "contentType": "multipart/form-data",
            "body": [
              {
                "key": "data",
                "value": "{  \"vehicleType\": \"SMALL MINI\",  \"name\": \"Explorer XLT\",  \"model\": \"2022\",  \"brand\": \"Ford\",  \"transmissionType\": \"MANUAL\",  \"shortDescription\": \"Spacious 7-seater SUV with modern features and off-road capability.\",  \"licenseNumber\": \"XYZ881234\",  \"vin\": \"1FM5K8D87NGA12345\",  \"fuelType\": \"DIESEL\",  \"noOfSeats\": 7,  \"noOfDoors\": 5,  \"noOfLuggages\": 4,  \"dailyRate\": 809.99}",
                "active": true,
                "isFile": false
              },
              {
                "key": "image",
                "value": [
                  {}
                ],
                "active": true,
                "isFile": true
              }
            ]
          },
          "requestVariables": [],
          "responses": {}
        },
        {
          "v": "12",
          "name": "get all vehicle - all fields",
          "method": "GET",
          "endpoint": "http://localhost:5000/api/v1/vehicle",
          "params": [],
          "headers": [],
          "preRequestScript": "",
          "testScript": "",
          "auth": {
            "authType": "bearer",
            "token": "eyJhbGciOiJIUzI1NiIsInR5cCI6IkpXVCJ9.eyJpZCI6IjY4MmQ3NTE1MDlkMTIzOGQxMWU1YmU1NiIsInJvbGUiOiJTVVBFUl9BRE1JTiIsImVtYWlsIjoiYWRtaW5AZ21haWwuY29tIiwiaWF0IjoxNzQ4MDY1Mzc2LCJleHAiOjE3NDg2NzAxNzZ9.MhnZND47Zub8m23ZLdebMLuuJQ2-fO10aaKOG6ble0I",
            "authActive": true
          },
          "body": {
            "contentType": "application/json",
            "body": "{\n}\n"
          },
          "requestVariables": [],
          "responses": {}
        },
        {
          "v": "12",
          "name": "get all vehicle - card fields ",
          "method": "GET",
          "endpoint": "http://localhost:5000/api/v1/vehicle?fields=name,dailyRate,noOfDoors,noOfSeats,noOfLuggages,transmissionType,avgRating,reviewsCount,unavailable_slots,bookings",
          "params": [],
          "headers": [],
          "preRequestScript": "",
          "testScript": "",
          "auth": {
            "authType": "bearer",
            "token": "eyJhbGciOiJIUzI1NiIsInR5cCI6IkpXVCJ9.eyJpZCI6IjY4MmQ3NTE1MDlkMTIzOGQxMWU1YmU1NiIsInJvbGUiOiJTVVBFUl9BRE1JTiIsImVtYWlsIjoiYWRtaW5AZ21haWwuY29tIiwiaWF0IjoxNzQ4MDY1Mzc2LCJleHAiOjE3NDg2NzAxNzZ9.MhnZND47Zub8m23ZLdebMLuuJQ2-fO10aaKOG6ble0I",
            "authActive": true
          },
          "body": {
            "contentType": "application/json",
            "body": "{\n}\n"
          },
          "requestVariables": [],
          "responses": {}
        },
        {
          "v": "12",
          "name": "get all vehicle - filtered fields ",
          "method": "GET",
          "endpoint": "http://localhost:5000/api/v1/vehicle?transmissionType=AUTOMATIC&noOfSeats=7",
          "params": [],
          "headers": [],
          "preRequestScript": "",
          "testScript": "",
          "auth": {
            "authType": "bearer",
            "token": "eyJhbGciOiJIUzI1NiIsInR5cCI6IkpXVCJ9.eyJpZCI6IjY4MmQ3NTE1MDlkMTIzOGQxMWU1YmU1NiIsInJvbGUiOiJTVVBFUl9BRE1JTiIsImVtYWlsIjoiYWRtaW5AZ21haWwuY29tIiwiaWF0IjoxNzQ4MDY1Mzc2LCJleHAiOjE3NDg2NzAxNzZ9.MhnZND47Zub8m23ZLdebMLuuJQ2-fO10aaKOG6ble0I",
            "authActive": true
          },
          "body": {
            "contentType": "application/json",
            "body": "{\n}\n"
          },
          "requestVariables": [],
          "responses": {}
        },
        {
          "v": "12",
          "name": "get all vehicle - rangae fields",
          "method": "GET",
          "endpoint": "http://localhost:5000/api/v1/vehicle?dailyRate[gte]=5&dailyRate[lte]=96",
          "params": [],
          "headers": [],
          "preRequestScript": "",
          "testScript": "",
          "auth": {
            "authType": "bearer",
            "token": "eyJhbGciOiJIUzI1NiIsInR5cCI6IkpXVCJ9.eyJpZCI6IjY4MmQ3NTE1MDlkMTIzOGQxMWU1YmU1NiIsInJvbGUiOiJTVVBFUl9BRE1JTiIsImVtYWlsIjoiYWRtaW5AZ21haWwuY29tIiwiaWF0IjoxNzQ4MDY1Mzc2LCJleHAiOjE3NDg2NzAxNzZ9.MhnZND47Zub8m23ZLdebMLuuJQ2-fO10aaKOG6ble0I",
            "authActive": true
          },
          "body": {
            "contentType": "application/json",
            "body": "{\n}\n"
          },
          "requestVariables": [],
          "responses": {}
        }
      ],
      "auth": {
        "authType": "inherit",
        "authActive": true
      },
      "headers": [],
      "_ref_id": "coll_mb33hyrh_6c199de8-6519-40c5-b302-c5b5e20c4750"
    },
    {
      "v": 7,
      "name": "extra-service management",
      "folders": [],
      "requests": [
        {
          "v": "12",
          "name": "create extra-service",
          "method": "POST",
          "endpoint": "http://localhost:5000/api/v1/extra-service",
          "params": [],
          "headers": [],
          "preRequestScript": "",
          "testScript": "",
          "auth": {
            "authType": "bearer",
            "token": "eyJhbGciOiJIUzI1NiIsInR5cCI6IkpXVCJ9.eyJpZCI6IjY4MmQ3NTE1MDlkMTIzOGQxMWU1YmU1NiIsInJvbGUiOiJTVVBFUl9BRE1JTiIsImVtYWlsIjoiYWRtaW5AZ21haWwuY29tIiwiaWF0IjoxNzQ4MDY1Mzc2LCJleHAiOjE3NDg2NzAxNzZ9.MhnZND47Zub8m23ZLdebMLuuJQ2-fO10aaKOG6ble0I",
            "authActive": true
          },
          "body": {
            "contentType": "application/json",
            "body": "{\n}\n"
          },
          "requestVariables": [],
          "responses": {}
        },
        {
          "v": "12",
          "name": "get all extra services - all fields",
          "method": "POST",
          "endpoint": "http://localhost:5000/api/v1/extra-service",
          "params": [],
          "headers": [],
          "preRequestScript": "",
          "testScript": "",
          "auth": {
            "authType": "bearer",
            "token": "eyJhbGciOiJIUzI1NiIsInR5cCI6IkpXVCJ9.eyJpZCI6IjY4MmQ3NTE1MDlkMTIzOGQxMWU1YmU1NiIsInJvbGUiOiJTVVBFUl9BRE1JTiIsImVtYWlsIjoiYWRtaW5AZ21haWwuY29tIiwiaWF0IjoxNzQ4MDY1Mzc2LCJleHAiOjE3NDg2NzAxNzZ9.MhnZND47Zub8m23ZLdebMLuuJQ2-fO10aaKOG6ble0I",
            "authActive": true
          },
          "body": {
            "contentType": "application/json",
            "body": "{\n}\n"
          },
          "requestVariables": [],
          "responses": {}
        }
      ],
      "auth": {
        "authActive": true,
        "authType": "inherit"
      },
      "headers": [],
      "_ref_id": "coll_mb3afaez_37a77380-e3e8-4dea-8612-edf4c80364a7"
    },
    {
      "v": 7,
      "name": "location-management",
      "folders": [],
      "requests": [
        {
          "v": "12",
          "name": "get-locaiton all field",
          "method": "GET",
          "endpoint": "http://localhost:5000/api/v1/location",
          "params": [],
          "headers": [],
          "preRequestScript": "",
          "testScript": "",
          "auth": {
            "authType": "inherit",
            "authActive": true
          },
          "body": {
            "contentType": null,
            "body": null
          },
          "requestVariables": [],
          "responses": {}
        },
        {
          "v": "12",
          "name": "get-locaiton search field",
          "method": "GET",
          "endpoint": "http://localhost:5000/api/v1/location?searchTerm=usa",
          "params": [],
          "headers": [],
          "preRequestScript": "",
          "testScript": "",
          "auth": {
            "authType": "inherit",
            "authActive": true
          },
          "body": {
            "contentType": null,
            "body": null
          },
          "requestVariables": [],
          "responses": {}
        },
        {
          "v": "12",
          "name": "create-locaiton",
          "method": "POST",
          "endpoint": "http://localhost:5000/api/v1/location",
          "params": [],
          "headers": [],
          "preRequestScript": "",
          "testScript": "",
          "auth": {
            "authType": "bearer",
            "token": "eyJhbGciOiJIUzI1NiIsInR5cCI6IkpXVCJ9.eyJpZCI6IjY4MmQ3NTE1MDlkMTIzOGQxMWU1YmU1NiIsInJvbGUiOiJTVVBFUl9BRE1JTiIsImVtYWlsIjoiYWRtaW5AZ21haWwuY29tIiwiaWF0IjoxNzQ4MDY1Mzc2LCJleHAiOjE3NDg2NzAxNzZ9.MhnZND47Zub8m23ZLdebMLuuJQ2-fO10aaKOG6ble0I",
            "authActive": true
          },
          "body": {
            "contentType": "application/json",
            "body": "{\n  \"location\":\"USA, Bangladesh, China\"\n}"
          },
          "requestVariables": [],
          "responses": {}
        }
      ],
      "auth": {
        "authType": "inherit",
        "authActive": true
      },
      "headers": [],
      "_ref_id": "coll_mb4oupez_f6880ddf-5cc0-4260-afc7-3fb22c896048"
    },
    {
      "v": 7,
      "name": "booking-management",
      "folders": [],
      "requests": [
        {
          "v": "12",
          "name": "create-booking",
          "method": "POST",
          "endpoint": "http://localhost:5000/api/v1/booking",
          "params": [],
          "headers": [],
          "preRequestScript": "",
          "testScript": "",
          "auth": {
            "authType": "inherit",
            "authActive": true
          },
          "body": {
            "contentType": "application/json",
            "body": "{\n  \"pickupDate\": \"2025-06-10T00:00:00.000Z\",\n  \"pickupTime\": \"2025-06-10T10:30:00.000Z\",\n  \"pickupLocation\": \"6836f97cd89cc068ae80cbe3\",\n  \"returnDate\": \"2025-06-15T00:00:00.000Z\",\n  \"returnTime\": \"2025-06-15T14:00:00.000Z\",\n  \"returnLocation\": \"6836f98ad89cc068ae80cbe5\",\n  \"vehicle\": \"68370ef90a976fec0a42e65a\",\n  \"extraServices\": [\n    \"6836f946d89cc068ae80cbde\",\n    \"6836f923d89cc068ae80cbdc\"\n  ],\n  \"clientDetails\": {\n    \"firstName\": \"Alice\",\n    \"lastName\": \"Johnson\",\n    \"email\": \"alice.johnson@example.com\",\n    \"phone\": \"+1-555-321-9876\",\n    \"parmanentAddress\": \"789 West Street, Austin\",\n    \"country\": \"USA\",\n    \"presentAddress\": \"789 West Street, Austin\",\n    \"state\": \"Texas\",\n    \"postCode\": \"73301\"\n  },\n  \"paymentMethod\": \"BANK\",\n  \"status\": \"NOT CONFIRMED\"\n}\n"
          },
          "requestVariables": [],
          "responses": {}
        },
        {
          "v": "12",
          "name": "get all booking all field (admin)",
          "method": "GET",
          "endpoint": "http://localhost:5000/api/v1/booking",
          "params": [],
          "headers": [],
          "preRequestScript": "",
          "testScript": "",
          "auth": {
            "authType": "bearer",
            "token": "eyJhbGciOiJIUzI1NiIsInR5cCI6IkpXVCJ9.eyJpZCI6IjY4MmQ3NTE1MDlkMTIzOGQxMWU1YmU1NiIsInJvbGUiOiJTVVBFUl9BRE1JTiIsImVtYWlsIjoiYWRtaW5AZ21haWwuY29tIiwiaWF0IjoxNzQ4MDY1Mzc2LCJleHAiOjE3NDg2NzAxNzZ9.MhnZND47Zub8m23ZLdebMLuuJQ2-fO10aaKOG6ble0I",
            "authActive": true
          },
          "body": {
            "contentType": "application/json",
            "body": "{\n  \"pickupDate\": \"2025-06-01T10:00:00Z\",\n  \"pickupTime\": \"10:00 AM\",\n  \"pickupLocation\": \"6832c57448812f7db4e4579d\",\n  \"returnDate\": \"2025-06-07T10:00:00Z\",\n  \"returnTime\": \"10:00 AM\",\n  \"returnLocation\": \"683406f3a3155462a80116b5\",\n  \"vehicle\": \"6832930c0cc5745668095d38\",\n  \"extraServices\": [\"60d21b4667d0d8992e610c85\"],\n  \"clientDetails\": {\n    \"firstName\": \"John\",\n    \"lastName\": \"Doe\",\n    \"email\": \"john.doe@example.com\",\n    \"phone\": \"+1234567890\",\n    \"parmanentAddress\": \"123 Main St\",\n    \"country\": \"USA\",\n    \"presentAddress\": \"456 Elm St\",\n    \"state\": \"California\",\n    \"postCode\": \"90001\"\n  },\n  \"paymentMethod\": \"STRIPE\",\n  \"status\": \"NOT CONFIRMED\"\n}\n"
          },
          "requestVariables": [],
          "responses": {}
        },
        {
          "v": "12",
          "name": "get all booking searched field (admin)",
          "method": "GET",
          "endpoint": "http://localhost:5000/api/v1/booking/search?searchTerm=asifaowadud&limit=5&page=1",
          "params": [],
          "headers": [],
          "preRequestScript": "",
          "testScript": "",
          "auth": {
            "authType": "bearer",
            "token": "eyJhbGciOiJIUzI1NiIsInR5cCI6IkpXVCJ9.eyJpZCI6IjY4MmQ3NTE1MDlkMTIzOGQxMWU1YmU1NiIsInJvbGUiOiJTVVBFUl9BRE1JTiIsImVtYWlsIjoiYWRtaW5AZ21haWwuY29tIiwiaWF0IjoxNzQ4MDY1Mzc2LCJleHAiOjE3NDg2NzAxNzZ9.MhnZND47Zub8m23ZLdebMLuuJQ2-fO10aaKOG6ble0I",
            "authActive": true
          },
          "body": {
            "contentType": "application/json",
            "body": "{\n  \"pickupDate\": \"2025-06-01T10:00:00Z\",\n  \"pickupTime\": \"10:00 AM\",\n  \"pickupLocation\": \"6832c57448812f7db4e4579d\",\n  \"returnDate\": \"2025-06-07T10:00:00Z\",\n  \"returnTime\": \"10:00 AM\",\n  \"returnLocation\": \"683406f3a3155462a80116b5\",\n  \"vehicle\": \"6832930c0cc5745668095d38\",\n  \"extraServices\": [\"60d21b4667d0d8992e610c85\"],\n  \"clientDetails\": {\n    \"firstName\": \"John\",\n    \"lastName\": \"Doe\",\n    \"email\": \"john.doe@example.com\",\n    \"phone\": \"+1234567890\",\n    \"parmanentAddress\": \"123 Main St\",\n    \"country\": \"USA\",\n    \"presentAddress\": \"456 Elm St\",\n    \"state\": \"California\",\n    \"postCode\": \"90001\"\n  },\n  \"paymentMethod\": \"STRIPE\",\n  \"status\": \"NOT CONFIRMED\"\n}\n"
          },
          "requestVariables": [],
          "responses": {}
        },
        {
          "v": "12",
          "name": "delete-booking",
          "method": "DELETE",
          "endpoint": "http://localhost:5000/api/v1/booking/683671e7ed44c83097be316b",
          "params": [],
          "headers": [],
          "preRequestScript": "",
          "testScript": "",
          "auth": {
            "authType": "bearer",
            "token": "eyJhbGciOiJIUzI1NiIsInR5cCI6IkpXVCJ9.eyJpZCI6IjY4MmQ3NTE1MDlkMTIzOGQxMWU1YmU1NiIsInJvbGUiOiJTVVBFUl9BRE1JTiIsImVtYWlsIjoiYWRtaW5AZ21haWwuY29tIiwiaWF0IjoxNzQ4MDY1Mzc2LCJleHAiOjE3NDg2NzAxNzZ9.MhnZND47Zub8m23ZLdebMLuuJQ2-fO10aaKOG6ble0I",
            "authActive": true
          },
          "body": {
            "contentType": "application/json",
            "body": "{\n  \"pickupDate\": \"2028-12-01T10:00:00Z\",\n  \"pickupTime\": \"2028-12-01T06:00:00Z\",\n  \"pickupLocation\": \"6832c57448812f7db4e4579d\", \n  \"returnDate\": \"2028-12-10T10:00:00Z\",\n  \"returnTime\": \"2028-12-10T09:59:00Z\",\n  \"returnLocation\": \"683406f3a3155462a80116b5\",\n  \"vehicle\": \"683548b1cdffda08c856bbea\",\n  \"extraServices\": [\"6833e4b80138ea99afef75c1\",\"6832bb6110c2170204ba2265\"],\n  \"clientId\": \"60c72b2f5f1b2c001f7f3a99\",\n  \"clientDetails\": {\n    \"firstName\": \"Asif\",\n    \"lastName\": \"OOAAOW\",\n    \"email\": \"asifaowadud@gmail.com\",\n    \"phone\": \"+1234567890\",\n    \"parmanentAddress\": \"123 Main St, Springfield, IL\",\n    \"country\": \"USA\",\n    \"presentAddress\": \"456 Elm St, Springfield, IL\",\n    \"state\": \"IL\",\n    \"postCode\": \"62701\"\n  },\n  \"paymentMethod\": \"STRIPE\"\n}\n"
          },
          "requestVariables": [],
          "responses": {}
        }
      ],
      "auth": {
        "authActive": true,
        "authType": "inherit"
      },
      "headers": [],
      "_ref_id": "coll_mb4poznx_7c5239ed-cb58-42c8-8b10-5334dd8184a5"
    }
  ],
  "requests": [],
  "auth": {
    "authType": "inherit",
    "authActive": true
  },
  "headers": [],
  "_ref_id": "coll_mayvddwa_50881889-24a3-4988-9184-d475340dfe57"
}