{
    "keep": {
        "days": true,
        "amount": 1
    },
    "auditLog": "C:\\Users\\Asif Abdul Owadud\\Desktop\\everything_asif\\everything_office\\everything_sparktech\\car_rental\\winston\\success\\.f0e695a8d4896ec4e683d01bffda7d7f4df3221b-audit.json",
    "files": [
        {
            "date": 1748855079407,
            "name": "C:\\Users\\Asif Abdul Owadud\\Desktop\\everything_asif\\everything_office\\everything_sparktech\\car_rental\\winston\\success\\02-06-2025-15-success.log",
            "hash": "5d4f482574c6186b3c5c276a0714bcc5d60b153787d463440eb6de607a2b5ce7"
        },
        {
            "date": 1748915021984,
            "name": "C:\\Users\\Asif Abdul Owadud\\Desktop\\everything_asif\\everything_office\\everything_sparktech\\car_rental\\winston\\success\\03-06-2025-07-success.log",
            "hash": "dfab553a118adf16a3acdc54cd6ad11aac7b6e49844c1ac21521c63fba527b4a"
        },
        {
            "date": 1748916962651,
            "name": "C:\\Users\\Asif Abdul Owadud\\Desktop\\everything_asif\\everything_office\\everything_sparktech\\car_rental\\winston\\success\\03-06-2025-08-success.log",
            "hash": "7a1a8485ce1c993c556ba435bde025c79f52ffeceecd3d62f0b8c7ed73564760"
        },
        {
            "date": 1748919717138,
            "name": "C:\\Users\\Asif Abdul Owadud\\Desktop\\everything_asif\\everything_office\\everything_sparktech\\car_rental\\winston\\success\\03-06-2025-09-success.log",
            "hash": "f5a0dab79ee274f91c150aab386bcb8a89ff3bc0d8a959c70f5fc4402b347e5c"
        },
        {
            "date": 1748923323469,
            "name": "C:\\Users\\Asif Abdul Owadud\\Desktop\\everything_asif\\everything_office\\everything_sparktech\\car_rental\\winston\\success\\03-06-2025-10-success.log",
            "hash": "12dd3563390014e34b17cda86805e90543606837f4607ff269a29110b6c57c27"
        },
        {
            "date": 1748926955728,
            "name": "C:\\Users\\Asif Abdul Owadud\\Desktop\\everything_asif\\everything_office\\everything_sparktech\\car_rental\\winston\\success\\03-06-2025-11-success.log",
            "hash": "eae989af91ca126a1f740148ca4779e1c1690a56de31dcf7635ae9cf003b7dad"
        },
        {
            "date": 1748930774693,
            "name": "C:\\Users\\Asif Abdul Owadud\\Desktop\\everything_asif\\everything_office\\everything_sparktech\\car_rental\\winston\\success\\03-06-2025-12-success.log",
            "hash": "1aea275c4a7d8dec32795fb552b6e4e04404c90d8021aa7b81a491b11194a494"
        },
        {
            "date": 1748934010827,
            "name": "C:\\Users\\Asif Abdul Owadud\\Desktop\\everything_asif\\everything_office\\everything_sparktech\\car_rental\\winston\\success\\03-06-2025-13-success.log",
            "hash": "c03ccf8e36bf1363fa6a62153f0d319c905c815012589d6ac8f9fcc8ee2c0852"
        },
        {
            "date": 1748937639526,
            "name": "C:\\Users\\Asif Abdul Owadud\\Desktop\\everything_asif\\everything_office\\everything_sparktech\\car_rental\\winston\\success\\03-06-2025-14-success.log",
            "hash": "c3ed84253cdb1169bd9095c5998c3c159247b19ec44ac8f2f7457b5cb71f02c9"
        },
        {
            "date": 1748941303702,
            "name": "C:\\Users\\Asif Abdul Owadud\\Desktop\\everything_asif\\everything_office\\everything_sparktech\\car_rental\\winston\\success\\03-06-2025-15-success.log",
            "hash": "4b66a5d6be2e5ee80230af82ea5506bcdeed907552f4538a445248f8ce9a2d25"
        }
    ],
    "hashType": "sha256"
}