{
    "keep": {
        "days": true,
        "amount": 1
    },
    "auditLog": "C:\\Users\\Asif Abdul Owadud\\Desktop\\everything_asif\\everything_office\\everything_sparktech\\car_rental\\winston\\error\\.7e7a10d98871592f386515c144c191df664b342e-audit.json",
    "files": [
        {
            "date": 1748855161921,
            "name": "C:\\Users\\Asif Abdul Owadud\\Desktop\\everything_asif\\everything_office\\everything_sparktech\\car_rental\\winston\\error\\02-06-2025-15-error.log",
            "hash": "e7e54f49a8af975304d4b43591fc1dfbd8d6d24d5ea3b996996a4ece51eb8621"
        },
        {
            "date": 1748915021987,
            "name": "C:\\Users\\Asif Abdul Owadud\\Desktop\\everything_asif\\everything_office\\everything_sparktech\\car_rental\\winston\\error\\03-06-2025-07-error.log",
            "hash": "0377e097d712818f4d822e6d2e00cb2c2b1b94516a6676c2102ec1ef9178b394"
        },
        {
            "date": 1748916940018,
            "name": "C:\\Users\\Asif Abdul Owadud\\Desktop\\everything_asif\\everything_office\\everything_sparktech\\car_rental\\winston\\error\\03-06-2025-08-error.log",
            "hash": "e6fd069daf09cbd4ab6c0cbb4a8d7ca527722d4086581e478c41fe89a29fb834"
        },
        {
            "date": 1748920346148,
            "name": "C:\\Users\\Asif Abdul Owadud\\Desktop\\everything_asif\\everything_office\\everything_sparktech\\car_rental\\winston\\error\\03-06-2025-09-error.log",
            "hash": "726df64086bdfe9d926df82fe08ec4f1224bf80de1fb036d2ccfef432eefccf8"
        },
        {
            "date": 1748925516699,
            "name": "C:\\Users\\Asif Abdul Owadud\\Desktop\\everything_asif\\everything_office\\everything_sparktech\\car_rental\\winston\\error\\03-06-2025-10-error.log",
            "hash": "59f30c5ba463887a439944008958003919b61a4bd8580865e79a3ed6ab711de6"
        },
        {
            "date": 1748926902771,
            "name": "C:\\Users\\Asif Abdul Owadud\\Desktop\\everything_asif\\everything_office\\everything_sparktech\\car_rental\\winston\\error\\03-06-2025-11-error.log",
            "hash": "306eb0b66d7584325642e4f36ba3a0a2c988f04928c2110b189cd3781f92f18b"
        },
        {
            "date": 1748930774487,
            "name": "C:\\Users\\Asif Abdul Owadud\\Desktop\\everything_asif\\everything_office\\everything_sparktech\\car_rental\\winston\\error\\03-06-2025-12-error.log",
            "hash": "965e7475bd2df00733a61a42b71cd99d3a22ceeb20b68bc9fb9bb1e577396f54"
        },
        {
            "date": 1748934010477,
            "name": "C:\\Users\\Asif Abdul Owadud\\Desktop\\everything_asif\\everything_office\\everything_sparktech\\car_rental\\winston\\error\\03-06-2025-13-error.log",
            "hash": "d1e48f60a0e5d719b322836ee5e40678c8a259c421d69fc84727e764cf2d6e0e"
        },
        {
            "date": 1748938151230,
            "name": "C:\\Users\\Asif Abdul Owadud\\Desktop\\everything_asif\\everything_office\\everything_sparktech\\car_rental\\winston\\error\\03-06-2025-14-error.log",
            "hash": "476727da09143191ba10b8874f1fdb171dd710db6cf596327618e5e50f110cca"
        },
        {
            "date": 1748941366775,
            "name": "C:\\Users\\Asif Abdul Owadud\\Desktop\\everything_asif\\everything_office\\everything_sparktech\\car_rental\\winston\\error\\03-06-2025-15-error.log",
            "hash": "3dcea05748cebe5b8ac94aa82073e5a4bee7c640ce331e540e14ae4ec1820baf"
        }
    ],
    "hashType": "sha256"
}