{
    "keep": {
        "days": true,
        "amount": 1
    },
    "auditLog": "C:\\Users\\Asif Abdul Owadud\\Desktop\\everything_asif\\everything_office\\everything_sparktech\\car_rental\\winston\\error\\.7e7a10d98871592f386515c144c191df664b342e-audit.json",
    "files": [
        {
            "date": 1748772725661,
            "name": "C:\\Users\\Asif Abdul Owadud\\Desktop\\everything_asif\\everything_office\\everything_sparktech\\car_rental\\winston\\error\\01-06-2025-16-error.log",
            "hash": "8c78c2764e56936ab026c8e3b7231eced44308daefc9daa630ba702177b02bfb"
        },
        {
            "date": 1748775672692,
            "name": "C:\\Users\\Asif Abdul Owadud\\Desktop\\everything_asif\\everything_office\\everything_sparktech\\car_rental\\winston\\error\\01-06-2025-17-error.log",
            "hash": "74040ade6fd5d8727fa1ab2af91df0267bdef360ab925ba77cc8260567c59a7b"
        },
        {
            "date": 1748827804700,
            "name": "C:\\Users\\Asif Abdul Owadud\\Desktop\\everything_asif\\everything_office\\everything_sparktech\\car_rental\\winston\\error\\02-06-2025-07-error.log",
            "hash": "40233f23caec14c2146227f27d90400b92793fc25da1558891143a04fc400ccc"
        },
        {
            "date": 1748829701246,
            "name": "C:\\Users\\Asif Abdul Owadud\\Desktop\\everything_asif\\everything_office\\everything_sparktech\\car_rental\\winston\\error\\02-06-2025-08-error.log",
            "hash": "e679579cce2f4a0dbb88d4e525aeb56d7c9e650ce696c17e4a7273dd03711c74"
        },
        {
            "date": 1748833242977,
            "name": "C:\\Users\\Asif Abdul Owadud\\Desktop\\everything_asif\\everything_office\\everything_sparktech\\car_rental\\winston\\error\\02-06-2025-09-error.log",
            "hash": "6f9040e3b52dfa8ec9b8d90742a56b93c812cab0d4c0de080853b6f776a2c4fe"
        },
        {
            "date": 1748837163160,
            "name": "C:\\Users\\Asif Abdul Owadud\\Desktop\\everything_asif\\everything_office\\everything_sparktech\\car_rental\\winston\\error\\02-06-2025-10-error.log",
            "hash": "9fbfa30671e2c5c9aa45843ca0be066edf33a09b04ba47681a72d436e49dbe1e"
        },
        {
            "date": 1748840410167,
            "name": "C:\\Users\\Asif Abdul Owadud\\Desktop\\everything_asif\\everything_office\\everything_sparktech\\car_rental\\winston\\error\\02-06-2025-11-error.log",
            "hash": "f5887d70c90892590e9b8a0d9270e473060bdc0ba8f62c25c9339d00d08a8bd6"
        },
        {
            "date": 1748844022512,
            "name": "C:\\Users\\Asif Abdul Owadud\\Desktop\\everything_asif\\everything_office\\everything_sparktech\\car_rental\\winston\\error\\02-06-2025-12-error.log",
            "hash": "b22cf51c1800475e3d912893673e894eabfca05cb3fd1dafebb9b26869519be0"
        },
        {
            "date": 1748847642109,
            "name": "C:\\Users\\Asif Abdul Owadud\\Desktop\\everything_asif\\everything_office\\everything_sparktech\\car_rental\\winston\\error\\02-06-2025-13-error.log",
            "hash": "795b9bb184974625aebc12d631cc80d6a0b049b493be5b289d1ae52aab201b48"
        },
        {
            "date": 1748852502981,
            "name": "C:\\Users\\Asif Abdul Owadud\\Desktop\\everything_asif\\everything_office\\everything_sparktech\\car_rental\\winston\\error\\02-06-2025-14-error.log",
            "hash": "7e130b14df48920d69ab81f7586fe1b0b1d25429b750359712b1fb17e11fb459"
        },
        {
            "date": 1748855161921,
            "name": "C:\\Users\\Asif Abdul Owadud\\Desktop\\everything_asif\\everything_office\\everything_sparktech\\car_rental\\winston\\error\\02-06-2025-15-error.log",
            "hash": "e7e54f49a8af975304d4b43591fc1dfbd8d6d24d5ea3b996996a4ece51eb8621"
        }
    ],
    "hashType": "sha256"
}