{
    "keep": {
        "days": true,
        "amount": 1
    },
    "auditLog": "C:\\Users\\Asif Abdul Owadud\\Desktop\\everything_asif\\everything_office\\everything_sparktech\\car_rental\\winston\\success\\.f0e695a8d4896ec4e683d01bffda7d7f4df3221b-audit.json",
    "files": [
        {
            "date": 1748772725658,
            "name": "C:\\Users\\Asif Abdul Owadud\\Desktop\\everything_asif\\everything_office\\everything_sparktech\\car_rental\\winston\\success\\01-06-2025-16-success.log",
            "hash": "3470da893c51e126ec0f7d78861675e883af20d6c0ae2c06671a0901a002e15f"
        },
        {
            "date": 1748775672689,
            "name": "C:\\Users\\Asif Abdul Owadud\\Desktop\\everything_asif\\everything_office\\everything_sparktech\\car_rental\\winston\\success\\01-06-2025-17-success.log",
            "hash": "3049436b904cb7d689556172da10b886dbbc08a8ababd8a2d33510b55f3890df"
        },
        {
            "date": 1748827804697,
            "name": "C:\\Users\\Asif Abdul Owadud\\Desktop\\everything_asif\\everything_office\\everything_sparktech\\car_rental\\winston\\success\\02-06-2025-07-success.log",
            "hash": "16425c738a182314113e5765a8e8e182fcf3336e04f8a3fb2e89b9a06119226c"
        },
        {
            "date": 1748829701244,
            "name": "C:\\Users\\Asif Abdul Owadud\\Desktop\\everything_asif\\everything_office\\everything_sparktech\\car_rental\\winston\\success\\02-06-2025-08-success.log",
            "hash": "ba078409a2fe27932814b8b4a511b2788279b070bb054ba11b50c5754668341f"
        },
        {
            "date": 1748833204234,
            "name": "C:\\Users\\Asif Abdul Owadud\\Desktop\\everything_asif\\everything_office\\everything_sparktech\\car_rental\\winston\\success\\02-06-2025-09-success.log",
            "hash": "13e4bbf4c8cb7138fc5e6f2863079aaff2de6d202c524ee239f2231ec2cd3f67"
        },
        {
            "date": 1748836966272,
            "name": "C:\\Users\\Asif Abdul Owadud\\Desktop\\everything_asif\\everything_office\\everything_sparktech\\car_rental\\winston\\success\\02-06-2025-10-success.log",
            "hash": "45b62030df6b0b8ad4e9cd12596989a00ec73a4da27acb9dab363f1b80c9fc90"
        },
        {
            "date": 1748840410164,
            "name": "C:\\Users\\Asif Abdul Owadud\\Desktop\\everything_asif\\everything_office\\everything_sparktech\\car_rental\\winston\\success\\02-06-2025-11-success.log",
            "hash": "6ba6648c3fb691a90c4fa6ecb3c636897be347a87bdd756c9181cfcf861dce1a"
        },
        {
            "date": 1748844022508,
            "name": "C:\\Users\\Asif Abdul Owadud\\Desktop\\everything_asif\\everything_office\\everything_sparktech\\car_rental\\winston\\success\\02-06-2025-12-success.log",
            "hash": "24448ca20e51409b015dc4b08a21ceb437bd57c2c030ceb936c4176866356e33"
        },
        {
            "date": 1748847642106,
            "name": "C:\\Users\\Asif Abdul Owadud\\Desktop\\everything_asif\\everything_office\\everything_sparktech\\car_rental\\winston\\success\\02-06-2025-13-success.log",
            "hash": "c07ae66edeeba62c2792cabefd1819b5f7cf76c2f2a0cbe2c70913999b4e7d98"
        },
        {
            "date": 1748852427348,
            "name": "C:\\Users\\Asif Abdul Owadud\\Desktop\\everything_asif\\everything_office\\everything_sparktech\\car_rental\\winston\\success\\02-06-2025-14-success.log",
            "hash": "2c4402ce1350611b11fce95cdbcd1a84eadb78be309b25c95629d934663f8cb7"
        },
        {
            "date": 1748855079407,
            "name": "C:\\Users\\Asif Abdul Owadud\\Desktop\\everything_asif\\everything_office\\everything_sparktech\\car_rental\\winston\\success\\02-06-2025-15-success.log",
            "hash": "5d4f482574c6186b3c5c276a0714bcc5d60b153787d463440eb6de607a2b5ce7"
        }
    ],
    "hashType": "sha256"
}